DistrictName,Latitude,Longitude
Honcho,35.7598345,139.708538
Chuo,35.666255,139.775565
Kameido,35.6973248,139.8267172
Sakaecho,35.753072,139.702148
Shimmachi,35.6317016,139.6453722
Ojima,35.6898054,139.8350733
Nishishinjuku,35.694964150000004,139.68898071275785
Minamioi,35.59510105,139.73579416429357
Nishigotanda,35.6268402,139.7210893
Midoricho,35.7409491,139.5357447
Takinogawa,35.7492188,139.7158918
Mita,35.6476619,139.7483983
Akasaka,35.6716786,139.7356224
Tamagawa,35.5896908,139.6687943
Kamata,35.5600973,139.7214818
Higashiikebukuro,35.73012835,139.71871885000002
Shibaura,35.66054795,139.7950539059209
Sakuragaoka,35.7341935,139.4230889
Shinjuku,35.6937632,139.7036319
Minamicho,35.6986892,139.7366517
Hommachi,35.6661049,139.4771023
Fujimicho,35.7608452,139.6986944
Kachidoki,35.6589327,139.7771843
Oizumigakuencho,35.772976,139.5948645
Minamisenju,35.7366593,139.7966565
Higashioizumi,35.65326585,139.7095950961917
Kitashinjuku,35.7017411,139.68808150343705
Yoyogi,35.6839514,139.7020806
Nakacho,35.6992877,139.7360435
Omorikita,35.5884735,139.7279334
Otsuka,35.7317401,139.7283438
Arakawa,35.737529,139.78131
Nakamachi,35.5515141,139.4472453
Horinouchi,35.68890005,139.6513693774547
Koenjiminami,35.7030675,139.6496343
Higashisuna,35.6760119,139.8406184
Kitamachi,35.6998889,139.7351047
Higashinippori,35.7279475,139.783079
Koyama,35.61624255,139.7015834620947
Koishikawa,35.7181095,139.740382
Honkomagome,35.7255666,139.7518712
Takashimadaira,35.7883692,139.6589375
Toyosu,35.652123200000005,139.79500430592907
Tsurumaki,35.7080153,139.7249955
Shiba,35.6539456,139.74753406148807
Minamisuna,35.6743164,139.8262215
Izumi,35.6782189,139.6503888
Omorinishi,35.5884735,139.7279334
Takanawa,35.637924049999995,139.73457266227223
Hongo,35.7074954,139.7605566
Kitasuna,35.6812221,139.8308372
Sendagi,35.7255471,139.7632712
Nishikamata,35.7111592,139.7527104
Ikegami,35.5720035,139.7030503
Tokumaru,35.775789,139.6598681
Shimorenjaku,35.6964799,139.565496
Akatsuka,35.7788033,139.6434642
Higashimukojima,35.7224111,139.8182983
Kamiikedai,35.5940092,139.6975578
Sengoku,35.7277122,139.7449946
Shinkawa,35.67500155,139.7834454208524
Minamimagome,35.6927095,139.699506
Fujimidai,35.7359523,139.6300042
Shakujiidai,35.7397344,139.5849421
Konan,35.54900445,139.73142156585567
Nakano,35.718123,139.664468
Kugahara,35.5795927,139.6856542
Itabashi,35.774143,139.681209
Higashigotanda,35.65326585,139.7095950961917
Hakusan,35.7215048,139.7521578
Toyo,35.6701504,139.8143082793502
Shakujiimachi,35.747406,139.599248
Osaki,35.619399,139.7285191
Matsubara,35.6601167,139.641968
Shimotakaido,35.6676926,139.6416171
Yayoicho,35.7535975,139.6928227
Toyotamakita,35.748652449999994,139.62212183114752
Minamioizumi,35.6927095,139.699506
Ogikubo,35.7042661,139.6200273
Kitakoiwa,35.741545,139.896192
Higashishinkoiwa,35.65326585,139.7095950961917
Maenocho,35.7687915,139.6902076
Hirai,35.7063752,139.8425634
Shirokane,35.6429531,139.734168
Oi,35.60012135,139.7300319581365
Wada,35.6935241,139.6576038
Sakuradai,35.7387537,139.6623844
Okusawa,35.6040191,139.6727753
Higashiogu,35.65326585,139.7095950961917
Higashinakano,35.637016,139.406284
Kitashinagawa,35.6220705,139.7392733
Seijo,35.7366424,139.6382767
Fukasawa,35.7502718,139.2023964
Sekimachikita,35.725677,139.569367
Shimomaruko,35.5714014,139.685601
Nishikasai,35.6722321,139.852666
Higashioi,35.60398335,139.73886444224536
Todoroki,35.6084075,139.6480341
Shimomeguro,35.6300236,139.7058982
Kitakarasuyama,35.69736665,139.8124867359133
Sanno,35.6729903,139.741424
Roppongi,35.6624568,139.7334981
Minamikoiwa,35.722542,139.883413
Harumi,35.652123200000005,139.77942876708016
Nakakasai,35.6658464,139.8710968
Ikebukuro,35.7303814,139.7105548
Kamiuma,35.6349342,139.6655134
Nishiwaseda,35.7093531,139.716401
Sasazuka,35.6736801,139.6672321
Nishiogu,35.752174,139.75409
Horikiri,35.7433041,139.8175574
Machiya,35.7423145,139.7814134
Tagara,35.7062034,139.7756567
Nishioizumi,,
Minamiaoyama,35.6697677,139.7255534
Ayase,35.7621283,139.8248669
Nogata,35.7196957,139.6531263
Yahiro,35.7226532,139.8270846
Aoto,35.7456034,139.8559852
Asahigaoka,35.7350726,139.6765561
Kamiikebukuro,35.7385834,139.7224088
Kinuta,,
Senzoku,35.610143,139.6941811
Nukui,35.7410824,139.631798
Takaidohigashi,35.6800477,139.61962537518735
Oizumimachi,35.763411,139.56699
Higashi,35.65326585,139.7095950961917
Tateishi,35.7381737,139.8480733
Umeda,35.76700195,139.79779343366238
Megurohoncho,,
Saiwaicho,35.7237296,139.4242073
Nihombashihamacho,,
Yamatocho,35.758799,139.70469
Kasugacho,35.7085007,139.7536911
Nishinippori,35.7304219,139.7708885
Sugamo,35.7337434,139.7381841
Narimasu,35.7775924,139.632934
Sumiyoshicho,35.6930186,139.7217393
Ogawacho,35.729178,139.472827
Funabashi,35.6485548,139.6207921
Asagayakita,35.7105571,139.636261
Nishiikebukuro,35.7284769,139.7062074
Takamatsu,35.7101308,139.4132769
Ebara,35.61549975,139.70603006437773
Miyamae,35.69376915,139.60619934379764
Den-enchofu,35.5935727,139.6541784
Shimouma,35.6362813,139.6830967
Tsukiji,35.665187450000005,139.77118190265958
Takadanobaba,35.712046400000006,139.70230989028488
Minamikarasuyama,35.6725682,139.6015045
Higashikasai,35.6587052,139.8778653
Ikebukurohoncho,35.7406128,139.71475110804772
Higashicho,35.6957178,139.5292798
Yaguchi,35.56366695,139.70397326028842
Taishido,35.6475328,139.671095
Mukojima,27.6799145,142.14292286153847
Yotsuya,35.6861572,139.72881333297673
Higashikanamachi,35.777178,139.8805745
Shimoochiai,35.72039215,139.69697629573045
Ebisu,35.6469738,139.7086461
Asakusa,35.7175966,139.7975626
Matsue,35.699409,139.8733519
Hommachida,,
Shibamata,35.7564295,139.8751807
Towa,35.77005495,139.84033414540306
Nishikoiwa,35.7379828,139.8801967
Nakaochiai,35.7189217,139.6839845
Midori,35.69456194999999,139.80328082873706
Kugayama,35.6878915,139.60026146232696
Hanakoganei,35.7334962,139.5134338
Kyodo,35.65135,139.6366816
Sekimachiminami,,
Naritahigashi,35.6992332,139.6321911
Mukodaicho,35.7210462,139.5358856
Nakazato,35.7368679,139.7495701
Kamisoshigaya,35.6548717,139.6009246
Kanamachi,35.7695843,139.8706926
Chitosedai,35.6593179,139.6148693
Negishi,35.5752717,139.4116855
Kamishakujii,35.72818715,139.5879182148819
Midorigaoka,35.6065821,139.6790041
Higashiyukigaya,,
Nishiogikita,35.704675,139.60864
Okudo,35.737307,139.86634
Nishikicho,35.6921186,139.4148078
Minaminagasaki,35.72468245,139.68368505483596
Minamishinagawa,35.61269205,139.74366233746898
Shinozakimachi,35.6986678,139.9132563
Tsukishima,35.6631252,139.78119426564774
Himon-ya,35.6228269,139.6872944
Shimoigusa,35.7231447,139.6252256
Soshigaya,35.6432912,139.6097735
Nishiochiai,35.720838,139.6769303
Kamimeguro,35.6528634,139.6881476
Toshima,35.736156,139.714222
Akabanenishi,,
Yushima,35.7079466,139.7700559
Akitsucho,,
Kokuryocho,35.6452857,139.5584658
Nagasaki,35.7232511,139.6836262
Akatsutsumi,35.6629307,139.640581
Wakamatsucho,35.7001758,139.7176301
Nakadai,35.7703802,139.6799156
Saginomiya,35.7226521,139.639543
Hatagaya,35.6772317,139.6768293
Higashishinagawa,35.6154624,139.7478044
Kabemachi,35.7810198,139.2880925
Ichibancho,35.68735,139.741509
Tamagawagakuen,35.564671,139.4628312
Higashikoiwa,35.73173,139.894203
Owadamachi,35.665378,139.351478
Edogawa,35.678278,139.871091
Nakahara,35.6648817,139.5746696
Kamitakaido,35.6771984,139.6142913
Yoga,35.6266155,139.6342048
Fuda,35.6498032,139.5517883
Shinonome,35.644382,139.8023696573841
Jinguumae,35.6748417,139.69962659091632
Yahara,35.7491463,139.6187387
Nanakuni,35.617137,139.323201
Asahicho,35.6559238,139.338163
Nerima,35.7506445,139.6162651
Takasago,35.7509396,139.8671221
Kameari,35.7666652,139.8478007
Mejiro,35.7211861,139.7064823
Ishiwara,35.700263,139.801502
Mejirodai,35.6434031,139.30772
Minamiotsuka,35.8939236,139.4553552
Shimoshakujii,,
Nishioi,35.5969388,139.7225219
Aoi,35.7717439,139.8203104
Minamiazabu,35.65052235,139.72389940630845
Kamikitazawa,35.6671223,139.6247023
Higashinihombashi,,
Oyata,35.78093135,139.84283183161045
Takanodai,35.723362,139.4612069
Tsukuda,35.667536,139.78485046534593
Minamidai,35.683521,139.667254
Kamiochiai,35.7135024,139.6885134
Iriya,,
Wakabayashi,35.6459516,139.6598567
Shimo,35.7779045,139.7325256
Nakaikegami,,
Minamikasai,,
Oyamamachi,35.5956062,139.3770822
Shibakubocho,,
Togoshi,35.6145052,139.7164218
Shimmei,35.6531383,139.7402071
Daita,35.6559645,139.6608411
Kitaotsuka,,
Nakamurakita,,
Hokima,35.79852785,139.8060489735427
Hatanodai,35.6051865,139.7033846
Kumegawacho,35.7720684,139.4777666
Toneri,35.8112696,139.77124771706644
Sakashita,35.7849189,139.6849645
Minamidaira,35.6546404,139.3919562
Nishiazabu,35.6582556,139.7238813
Seta,35.6211026,139.6313576
Shikahama,35.7819508,139.751957756036
Nishiarai,35.777253,139.790321
Kamirenjaku,35.6987444,139.5548857
Ikejiri,35.6477383,139.6787882
Eifuku,35.6769648,139.641321
Nishigahara,35.7460496,139.7421722
Amanuma,35.7062732,139.6227287
Koenjikita,,
Kitami,35.6366224,139.5871981
Yotsugi,35.7317433,139.8348561
Asagayaminami,35.7020498,139.6373057
Haramachida,35.5431087,139.4505799
Kamitakada,35.712836,139.6747493
Setagaya,35.646096,139.65627
Chuocho,35.6315868,139.6893355
Sunagawacho,35.7285722,139.4023623
Nihombashikakigaracho,,
Komagome,35.7365848,139.7472412
Izumicho,35.7669048,139.7007048
Sangenjaya,,
Higashijujo,35.7609612,139.7311443
Hamadayama,35.6816115,139.6274386
Azusawa,35.7779319,139.697781
Shiraitodai,35.6665122,139.5097795
Hayamiya,35.748396,139.652598
Okubo,35.7007944,139.6973764
Komone,35.74956615,139.67983377784626
Nishisugamo,35.7441429,139.7280658
Hikawadai,35.7497818,139.6650083
Tachibana,35.7106072,139.8322279
Sendagaya,35.6818379,139.7074785
Tsuruma,35.5078478,139.468248
Ginza,35.66951555,139.76430559879972
Minamiogikubo,35.7005095,139.6127907
Nakamagome,,
Igusa,35.7268135,139.6140079
Komazawa,35.6309734,139.6565772
Yanaka,35.721218,139.7660417
Kaminoge,35.6120355,139.6389238
Katakuramachi,35.6341846,139.3411349
Nishirokugo,35.5463823,139.7046187
Ukima,35.7905901,139.7004698
Arai,35.7136788,139.6670016
Sumida,35.7003789,139.8058673
Taito,35.71745,139.790859
Minamiyukigaya,35.5919239,139.68802644544678
Hanahata,35.806512,139.81230923989727
Chuohoncho,35.7725238,139.80708161804208
Ominami,26.60513105,127.9777606
Aobadai,35.6482209,139.6970724
Omorihoncho,,
Mizumoto,35.78784455,139.8694186452554
Oji,35.7539405,139.7374489
Yanokuchi,35.641655,139.5205089
Tenjincho,35.7054017,139.730891
Funabori,35.6838309,139.864297
Honan,35.680503,139.6582853
Minamioya,,
Kamiogi,35.7082678,139.6112999846759
Mure,35.6871232,139.5800341
Kitazawa,35.6634677,139.668154
Nakarokugo,35.54685565,139.71161357304908
Shinkoiwa,35.717189,139.851141
Matsushima,35.7045227,139.8649821
Kotobashi,35.6924579,139.81118695525404
Somechi,35.6395154,139.55593384819326
Tamadaira,35.6667994,139.3853932
Shimizu,35.7126525,139.6169502
Sandamachi,35.6498982,139.3148733
Shiratori,35.749557,139.8478372
Honjo,35.70380125,139.80156487375257
Nishiogiminami,35.7010053,139.6030934
Higashikoigakubo,35.713125,139.470007
Kitasenzoku,35.607768300000004,139.69356547242492
Unoki,35.5754772,139.6805847
Maeharacho,35.6919631,139.5075641
Meguritacho,35.7173636,139.4954031
Higashiueno,35.7137357,139.7790851
Suzukicho,35.7231791,139.5101483
Kamiyoga,35.6371609,139.6335804
Nishiaraihoncho,,
Takada,35.7619113,139.7252423
Kamisaginomiya,35.731639,139.6317433
Kamiosaki,35.634752,139.7194518
Hyakunincho,35.7036596,139.69869015533885
Matsugaya,35.7148026,139.78709299170742
Otowa,35.7186212,139.7279151
Iwamotocho,35.69392085,139.77705947987607
Tanashicho,35.7287951,139.5400411
Nozawa,35.6324642,139.6672381
Asakusabashi,35.6973931,139.7846834
Kyojima,35.7156541,139.820884
Heiwadai,35.7576885,139.6541369
Shirakawa,35.68256505,139.8043795901391
Aiharamachi,35.6054106,139.3299887
Doshida,35.7666903,139.6196738
Chidori,35.7082191,139.7602869
Wakabacho,,
Kanamori,35.5239213,139.4642422
Hachimancho,35.6606481,139.3260185
Meguro,35.62125,139.688014
Kyuden,35.7762747,139.790317
Nishishinkoiwa,35.718517,139.855802
Wakagi,35.7696134,139.6730933
Nishimizumoto,35.7890763,139.8574506
Edagawa,35.65708295,139.80556095524594
Tsurukawa,35.5832205,139.4815692
Kusabana,35.7417037,139.3048299
Morishita,35.6879977,139.7970443
Ryogoku,35.696861,139.7974842
Shimane,35.7819102,139.79728592061247
Higashioume,35.7899044,139.2725011
Kamakura,35.6602524,139.6728159
Ogi,35.76629135,139.77260285663698
Nishimizue,35.6795066,139.8804452
Omorihigashi,35.5764409,139.7387137
Zempukuji,,
Higashiyaguchi,,
Ichinoe,35.6860437,139.8831198
Bessho,35.6027104,139.4453407
Motomachi,34.7516178,139.3570205
Kamezawa,35.69750365,139.8030278300813
Nakanobu,35.6052663,139.713591
Higashitateishi,,
Numabukuro,35.7192687,139.6646063
Minamihanahata,35.7889499,139.822163
Osawa,35.6731969,139.5387495
Oaza Kumagawa,,
Shirokanedai,35.6381169,139.7265558
Adachi,35.783703,139.795319
Hon-amanuma,35.7145402,139.6261006
Takiyama,35.706651449999995,139.30278558198805
Nishikojiya,35.5572648,139.7331679
Kitakasai,35.6735928,139.8598918
Momoi,35.7134088,139.6086647
Iko,35.794524,139.78368409081088
Shishibone,35.7139056,139.8835205
Shiohama,35.6631192,139.8101061507033
Daizawa,35.6566718,139.6705979
Nakameguro,35.644085,139.6989507
Suido,35.62516785,139.5688587800789
Kaigan,35.5876946,139.7354165
Yakumo,35.6207725,139.6671052
Hirano,35.67760495,139.80473238431898
Higashikanda,35.697364,139.781365
Sengencho,35.6847616,139.4961189
Nakagawa,35.77120665,139.85104096024662
Chihaya,35.73593565,139.68542655763048
Koyasumachi,35.646892,139.336751
Kamiigusa,35.7251458,139.6039971
Miharadai,35.7546189,139.60005589038553
Kichijojikitamachi,,
Niijuku,35.765699,139.860171
Higashiyotsugi,,
Nishidai,35.7869663,139.6740221
Nakamuraminami,,
Tomigaya,35.66580625,139.68827504305077
Misawa,35.6381985,139.4916146
Ogawa,35.7374095,139.4635507
Tabata,35.7373701,139.7617151
Nishiiko,35.793476,139.7725618
Minamitanaka,35.737892,139.611931
Izumihoncho,,
Nukuiminamicho,35.6918669,139.4945842
Nishiasakusa,35.717322,139.7927507
Shimura,35.7752578,139.6908861
Shitaya,35.7220586,139.7841677
Nishikameari,,
Haneda,35.5479444,139.7466458
Hikarigaoka,35.7585523,139.6293801
Nezu,35.7173532,139.765722
Narihira,35.7076235,139.8132881149831
Ontacho,,
Higashimizumoto,,
Ueno,35.7118534,139.7775675
Oaza Hirai,,
Koremasa,35.656312,139.4893214
Takaidonishi,35.6847034,139.6121869
Hasune,35.7841688,139.678984
Nukuikitamachi,35.7070284,139.4963703
Hiratsuka,35.615556600000005,139.71302404377047
Iguchi,35.6953563,139.5350195
Sakura,35.73781495,139.73916127989867
Shimbashi,35.6671895,139.7588592
Minamimizumoto,,
Kamiya,35.7711196,139.7311940354409
Josuihoncho,35.7173378,139.465149
Wakamiya,35.7195355,139.6463827
Akebonocho,35.6991763,139.410881
Nishitsutsujigaoka,35.6583607,139.5715134
Minamirokugo,35.5472989,139.7240326
Kurihara,35.7829833,139.78764817005597
Oyamagaoka,35.6058425,139.3656769
Shibuya,35.6645956,139.6987107
Hosoda,35.7035352,139.6370184
Kakinokizaka,35.6280059,139.6734475
Higashikomatsugawa,35.7032911,139.8679883
Nihombashihakozakicho,,
Aobacho,35.5915194,140.1463927
Funado,,
Sekiguchi,35.7137736,139.7280934
Higashitamagawa,,
Oaza Fussa,,
Inokashira,35.6936527,139.583691
Ohashi,35.7043408,139.6652856
Omorinaka,,
Akabanekita,,
Minamiikebukuro,35.7253435,139.715134
Yutakacho,35.6094482,139.72306768460484
Jindaijihigashimachi,,
Zoshigaya,35.7203241,139.7148032
Kuramae,35.7032122,139.790939
Kamiishiwara,35.6599054,139.5322373
Kikukawa,35.6883604,139.8061256
Nishishinagawa,,
Nakamura,35.7290015,139.7416257
Umejima,35.7723784,139.7980832
Sakurajosui,35.6675627,139.6320107
Haruecho,35.692291,139.887953
Ochiai,35.7106637,139.6859133
Kamijujo,35.7596624,139.7241132
Tokiwadai,35.7589153,139.6885362
Osugi,35.8037937,139.2813409
Kasuya,35.7256314,139.5803832
Minamishinozakimachi,,
Yaho,35.6814454,139.4465862
Sekido,35.6552102,139.4557877
Nishimachi,27.0942016,142.1896273
Uehara,35.6669782,139.6806824
Kaga,35.756764649999994,139.71629271890112
Gakuennishimachi,,
Nishisunacho,35.7326613,139.3638887
Shinden,35.774142350000005,139.742253348981
Kamiitabashi,35.74749905,139.681170854142
Myojincho,35.656119,139.343511
Naruse,35.5353877,139.4728465
Hatchobori,35.6750004,139.7770726
Minamitokiwadai,35.7564343,139.6892233
Shibasakicho,35.693234,139.4070345
Shoan,,
Omoriminami,,
Minamikamata,35.5542624,139.7270688
Sakai,35.7066696,139.543343
Egota,35.7256208,139.6679693
Chofugaoka,35.654321,139.5476029
Shirasagi,35.719538,139.6342738
Higashirokugo,35.5525407,139.7203928
Hatsudai,35.681446,139.686861
Nakagamicho,35.711499,139.3767214
Higashiasakawamachi,35.6452236,139.2923323
Nozutamachi,35.585428,139.4471239
Yamasakimachi,,
Nakamarucho,35.741459,139.70406
Den-enchofuhoncho,,
Nishiharacho,35.7387192,139.5312468
Takenotsuka,35.7944805,139.7908431
Kohoku,35.7739674,139.7703564
Kiba,35.669416,139.8065455
Hirao,35.60529045,139.48930461502988
Kitano,35.644382,139.3542656
Haramachi,35.70030365,139.72359216330375
Ryusen,35.724179,139.7909075
Higashikomagata,35.7065264,139.8045164
Toyotamanaka,35.7320314,139.6509941
Higashimagome,,
Kichijojiminamicho,,
Kawaguchimachi,35.6959079,139.2776401
Iwadominami,,
Taihei,35.7011295,139.81374393244937
Sekibara,35.76635055,139.78897349365602
Higashikojiya,35.5573381,139.7438994
Manganji,35.6712772,139.4200659
Kyonancho,35.6989464,139.5411554
Kichijojihoncho,,
Sotokanda,35.700675,139.768552
Renkoji,35.6349189,139.4648602
Hoyacho,35.7322182,139.5532586
Tatekawa,35.691291,139.804477
Yarimizu,35.61891,139.349939
Nogaya,35.6728409,139.5602659
Kojimacho,35.6490742,139.5415756
Akabane,35.7781394,139.7207999
Umegaoka,35.6562022,139.6542752
Toshincho,35.7571681,139.6813477536062
Nishihokima,35.8046232,139.8014353
Futaba,35.605115549999994,139.7250663949371
Naka,35.1661831,136.9096309
Minamiosawa,35.6102484,139.3856563
Higashitoyoda,35.66202525,139.3909321970949
Imagawa,35.7166039,139.6071456
Hanakoganeiminamicho,,
Hiroo,35.6522569,139.7175844
Kabukicho,35.6945429,139.7027105
Azabujuban,35.657322699999995,139.73879907091168
Umezato,35.6969116,139.6457468
Fujimachi,35.7308267,139.5638206
Horifune,35.7544118,139.7437027
Miyasaka,35.7013516,139.7400238
Higashinaganuma,35.6438696,139.5010284
Hon-isshiki,35.7183374,139.8739031
Oaza Hino,,
Oshitatecho,35.6565601,139.5098533
Nakaizumi,,
Zushimachi,35.587612,139.422778
Senju,35.75308055,139.80334470068863
Hagiyamacho,,
Kunugidamachi,35.636289,139.308945
Misuji,35.705522650000006,139.786356159506
Shin-ohashi,35.688384,139.7940055206821
Kasuga,35.7084783,139.7527482
Nagayama,35.63140665,139.4465355832554
Kosuge,35.7586732,139.8126428
Josuiminamicho,35.7120333,139.4856304
Oshiage,35.7104595,139.8126808
Mukogaoka,35.7195837,139.7558248
Kanai,35.5766543,139.4606403
Higashiyama,35.6465579,139.692986
Kaidori,35.6202631,139.442642
Nishinakanobu,35.609267,139.7084914
Nihombashiningyocho,,
Kashiwacho,35.7261117,139.4129635
Honda,35.7071175,139.4815393
Gakuenhigashicho,,
Nagabuchi,35.7756017,139.2695076
Kahei,35.7783718,139.82739558588617
Nagabusamachi,35.654616,139.29532
Nishihara,35.67356885,139.67924797028576
Kamisunacho,35.7253975,139.3919768
Ohara,35.6695696,139.6618404
Minato,35.6432274,139.7400553
Toyotamakami,,
Tokura,35.7239297,139.2019778
Nishi,35.68991545,139.69180175550062
Haginaka,35.5511001,139.7317797
Honhaneda,35.5457031,139.7316232
Naritanishi,35.6885005,139.6276769
Uchikoshimachi,35.640548,139.351751
Nishiichinoe,35.7027931,139.8784189
Kojiyahoncho,,
Motoasakusa,35.709051900000006,139.78514681667775
Tamagawadai,35.59040275,139.66589959996531
Daimachi,35.6936558,139.7188626
Hachiman-yama,35.6696056,139.6165831
Nishikata,35.7111592,139.7527104
Bunka,35.7093979,139.8241097
Irifune,35.67174915,139.77689693916437
,27.7755045,93.474237
Hitotsuya,35.7817608,139.8137144805512
Misumicho,,
Kitamagome,,
Nishikubo,35.710347,139.5579926
Gohongi,35.6322843,139.6867456
Kanamecho,35.7332405,139.6986842
Toyotamaminami,35.7274461,139.6545727
Iwadokita,35.6409067,139.584196215961
Kanaimachi,35.5744159,139.4492997
Kitanomachi,35.650139,139.354715
Sekimae,35.7122046,139.5518286
Takamatsucho,35.7063727,139.4181981
Momijigaoka,35.6740435,139.5096913
Shinkamata,35.5599561,139.7088259
Okamoto,35.6828364,139.5836852
Onumacho,35.734248,139.500826
Minamisawa,35.722802,139.049533
Ohanajaya,35.7476077,139.8401484
Maesawa,35.7487742,139.5146584
Morino,35.5506935,139.4376577
Higashimotomachi,35.694032,139.482646
Ishikawamachi,35.6755034,139.365707
Kichijojihigashicho,,
Higashiazabu,35.655135,139.744449
Noguchicho,,
Matsubaracho,35.7176691,139.3434057
Hiyoshicho,35.661383,139.313625
Motohachiojimachi,,
Naraharamachi,35.6838337,139.3031207
Shimmeidai,,
Yatocho,35.7399323,139.545304
Hagoromocho,35.6922101,139.4272972
Futabacho,35.757975,139.698913
Kotakecho,35.743158,139.676614
Mishuku,35.6470779,139.6780719
Miyamotocho,35.7639879,139.7005799
Toyogaoka,35.618456,139.4352319
Koshino,35.630231,139.388327
Akatsukicho,35.6685959,139.3356594
Jindaijikitamachi,,
Kajinocho,35.7084743,139.5294849
Ariake,35.6281988,139.79314405732487
Tomihisacho,35.693561,139.715184
Mutsugi,35.794443599999994,139.84088844094418
Noshio,,
Jiyuugaoka,35.6049039,139.66602848517826
Hazawa,35.7450148,139.670857
Oyamacho,35.7485391,139.6997333
Kohinata,35.7152294,139.7346018
Matsugaoka,35.7207248,139.6706566
Inadaira,,
Eharacho,35.7300553,139.6701027
Nangai,,
Minaminaruse,35.5372205,139.4712403
Noge,35.6049369,139.64305365985982
Higashinogawa,,
Kogasaka,35.544692,139.460359
Sennincho,35.656337,139.306919
Fuchucho,35.6757927,139.4860437
Kamishinozaki,35.7119224,139.899345
Oyamahigashicho,,
Nishiayase,35.7640762,139.8169334
Irimacho,35.6532553,139.5914766
Komatsugawa,35.699191,139.8628107
Nakajuku,35.7553466,139.7098504
Miyanishicho,35.67045,139.474977
Musashino,35.712898,139.563534
Akatsukashimmachi,,
Tadao,35.5774141,139.4170855
Kamiyugi,35.623189,139.36888
Minami,35.6927095,139.699506
Kisonishi,35.5650045,139.4182758
Kikunodai,35.6527285,139.5693497
Naganumamachi,35.642169,139.367759
Misono,,
Ookayama,35.6074796,139.6858386
Kotobuki,35.6505728,139.7215477
Kandajimbocho,,
Nakane,35.6160481,139.6732557
Shimizucho,35.7648164,139.7068162
Shibasaki,35.6542424,139.5670439
Minamisenzoku,35.6035882,139.6975112
Imokubo,35.7560128,139.4128877
Omaru,35.6485197,139.4918262
Chigasemachi,35.7859476,139.270187
Shimosato,35.7551014,139.5067138
Tatemachi,35.6330402,139.2958469
Shimoishiwara,35.6566175,139.539761
Yokokawa,35.704433,139.812169
Tairamachi,35.691867,139.35896
Suwa,35.7067104,139.7188192
Ogibashi,35.6833314,139.81535987916624
Mihoricho,35.7209095,139.3540492
Jindaiji,35.6884547,139.5442341
Komaba,35.655695,139.6823652
Ebisunishi,35.6469714,139.70404075188787
Nihombashihoridomecho,,
Gakuen,35.6578683,139.5892251
Etchujima,35.6679059,139.7926094
Miyazawacho,35.7134051,139.3720415
Matsunoki,35.69077205,139.64362113918585
Shimoongatamachi,35.6657412,139.2511983
Okuramachi,35.589,139.464543
Namikicho,35.65321,139.303219
Sakurashimmachi,,
Takaramachi,35.741857,139.836518
Hasunumacho,35.7706619,139.7032367
Yokokawamachi,35.665159,139.302223
Mogusa,35.6456379,139.4190901
Maruyama,35.7248066,139.6519549
Odai,35.7505238,139.7623959
Higashiiko,35.8058935,139.7870779
Matsugi,35.6223477,139.392834
Higashiayase,35.7654494,139.8328805
Tamazutsumi,35.596223,139.6503572
Tabatashimmachi,,
Hanegi,35.6657711,139.65731753122088
Toranomon,35.67015,139.750011
Maruyamacho,35.6576798,139.6950285
Yagisawa,35.7266214,139.5498743
Dogenzaka,35.65812405,139.69852093868928
Unane,35.6192533,139.606128
Narusedai,35.5596383,139.4765871
Honshukucho,35.6725283,139.4613822
Okura,35.6977246,139.6700197
Ichigayayakuojimachi,,
Nishimagome,35.58280115,139.6990132736123
Tsukushino,35.5276368,139.4851103
Wakabadai,35.6192473,139.4724072
Hodokubo,35.6552984,139.4107973
Takaban,35.6259042,139.6897348
Sano,35.787378700000005,139.84085682163993
Koyanagicho,35.6651765,139.5040555
Inumemachi,35.68963,139.307724
Ogawahigashicho,35.7348152,139.477858
Imai,35.8015409,139.3134528
Kumanocho,35.7428442,139.7067121
Shimohoya,35.7510848,139.5635879
Oyamadai,35.6070206,139.6537448
Hamamatsucho,35.6551111,139.7570622
Tamagawacho,35.705264,139.3771388
Hazamamachi,35.63541,139.284069
Oyaguchikitacho,,
Nakai,35.7150987,139.6863011
Shimoyugi,35.630028,139.374757
Hikaricho,35.703297,139.441202
Higashihorikiri,,
Nishikoigakubo,35.7031189,139.4683797
Matsuyama,35.57704645,139.68139722103246
Mukohara,35.7290407,139.7250932
Musashinodai,35.6642284,139.5109606
Chitose,35.6903221,139.79576208148285
Nishifucho,35.674804,139.455484
Yochomachi,35.6962861,139.7160422
Hirayama,35.7047949,139.76629635
Nakanokamicho,35.6670856,139.3303859
Hibarigaoka,35.7515231,139.5455333
Kita,35.755838,139.736687
Ozakudai,35.7735592,139.3024006
Kobikimachi,35.639657,139.323427
Minamikugahara,,
Sambancho,,
Ichinomiya,35.651631,139.4377114
Iidabashi,35.7031771,139.7456694
Wasedatsurumakicho,,
Nakakiyoto,,
Ishikawacho,35.6027101,139.6826152
Miwamidoriyama,35.5714498,139.486276
Shin-ogawamachi,35.7062925,139.7424138
Nobe,35.7219284,139.3079144
Momura,,
Ina,35.7301637,139.2502071
Nishihirayama,,
Miyoshi,35.6800963,139.80470086617805
Kisohigashi,35.5583271,139.4237942
Minamino,35.6308096,139.3246039
Oyamakanaicho,35.7461932,139.705103
Nihombashinakasu,,
Uchikanda,35.69090535,139.76747934509802
Kitaueno,35.7168684,139.7816341
Higashiizumi,,
Nozaki,35.6822597,139.5441568
Imadera,35.7976859,139.2993283
Kinshi,35.69786535,139.81398580191458
Akabaneminami,,
Shintomi,35.67226845,139.77399172509087
Inogata,35.6241473,139.5820824
Okino,35.76879435,139.77900708022042
Ebisuminami,,
Sazumachi,35.6608956,139.5526489
Ikenohata,35.714919,139.7671531
Daikan-yamacho,35.6497628,139.7024277
Sekimachihigashi,,
Eitai,35.67406415,139.79034501434822
Ogawanishimachi,35.7358324,139.4540875
Kamiyamacho,35.6638493,139.6914062
Nihombashiodemmacho,,
Higashitokura,35.7142172,139.46397
Miwamachi,35.5746976,139.5004792
Yashio,35.60052465,139.7636141682083
Tatsumi,35.64717505,139.81421194291056
Hinodai,35.6693256,139.3720013
Higashifushimi,35.7243928,139.5625199
Nakajujo,35.7591158,139.7283394
Aioicho,35.7771571,139.6797394
Kudamminami,,
Motoyokoyamacho,,
Tatenocho,35.7161614,139.5809489
Miyoshicho,35.6729029,139.4704259
Nishiki,35.599582,139.7407823
Oaza Oguno,,
Ochikawa,,
Kaminakazato,35.7500567,139.748232
Yanagibashi,35.69521545,139.78747275
Sarue,35.686134800000005,139.81508459034126
Shiomi,35.6589236,139.8171968
Kiheicho,35.719768,139.490209
Kandasudacho,,
Shinsuna,35.6602073,139.83324748291182
Kinugaoka,35.636538,139.359386
Azumabashi,35.71010705,139.79893105000002
Rokugatsu,35.7863044,139.7954035218454
Komiyamachi,35.6883059,139.3710684
Azumacho,35.7019708,139.3882538
Higashihokima,35.7949355,139.8100871
Minamitsukushino,,
Nishinogawa,,
Kiyokawa,35.7289046,139.8033909
Yazaike,35.7887197,139.7701016
Fukujimacho,35.6976057,139.3802061
Oharacho,35.7689399,139.6983449
Kandatacho,,
Higashigaoka,35.6281706,139.6645921
Miyamachi,35.6712082,139.4814698
Kitaminemachi,35.5863707,139.6825629
Shimizugaoka,35.6657484,139.5006647
Oaza Hakonegasaki,,
Gotokuji,35.6535438,139.6468966
Musashidai,35.6873126,139.4645053
Amema,35.7202003,139.2971394
Nishiaraisakaecho,,
Botan,35.66976595,139.7963094606258
Kodo,35.70893985,139.72157873377503
Toyoda,35.6595146,139.3814849
Nihonzutsumi,35.7259283,139.7962435
Hikida,35.7211854,139.2667425
Morookacho,35.7914942,139.2840772
Imado,35.7212213,139.8055771
Kojima,35.70522495,139.78313745807526
Senjunakacho,,
Takeoka,35.6843847,139.7896273
Wakaba,35.684052050000005,139.72610699764806
Nihombashibakurocho,,
Kitanodai,35.6263681,139.3552887
Daimon,35.6566579,139.7553828
Furuishiba,35.667498800000004,139.79922698621812
Suwacho,35.7084117,139.709183
Yamabukicho,35.7078786,139.7299978
Mori,35.69133875,139.81568655699795
Shoto,35.6607632,139.6920068
Motohongocho,,
Haijimacho,35.7078587,139.3396641
Toyama,35.70460955,139.71392169915393
Fujimoto,35.706901,139.448358
Rokucho,35.7848565,139.8218681
Naito,35.6856663,139.7117937
Tobitakyu,35.6602521,139.5232311
Hinohommachi,,
Yaraicho,35.7025756,139.7325017
Koyamadai,35.623743250000004,139.70529212588298
Baigo,35.7841965,139.2148581
Josuishimmachi,,
Mitsufuji,35.7668545,139.7302956
Higashiminemachi,35.5826603,139.6843922
Nishigaoka,35.7712028,139.7126507
Motoyoyogicho,35.6718115,139.6858165
Komagata,35.704616,139.7961862
Senjumidoricho,,
Fukuzumi,35.676982,139.79351389837387
Higashitamagawagakuen,35.5563303,139.4690689
Den-enchofuminami,,
Jindaijimotomachi,,
Kojimachi,35.684296700000004,139.7388971274301
Shinhocho,,
Hibarigaokakita,35.7531466,139.5456279
Zambori,,
Bentencho,35.7031495,139.7268033
Tateno,35.7574203,139.5434518
Nihombashikayabacho,,
Higashigokencho,35.7065865,139.7394767
Showacho,35.7113405,139.36326
Akabanedai,35.77505155,139.7138327289781
Oyaguchi,35.74427555,139.68921337680428
Yotsuba,35.7799122,139.6520556
Kandanishikicho,,
Komaimachi,,
Higashisakashita,35.782021,139.692653
Tokiwamachi,35.58658,139.397736
Udagawacho,35.6620752,139.6974957
Oyaguchikamicho,,
Senjuokawacho,,
Osakaue,,
Nibancho,35.686185,139.736126
Saga,35.67818625,139.79090956507434
Jujonakahara,,
Torigoe,35.7024319,139.7865991
Koyodai,35.6378138,139.4983957
Ninomiya,35.7262185,139.3164006
Shimokiyoto,,
Kaminarimon,35.7111333,139.79636829999998
Yayoi,35.6846505,139.895295
Senjuakebonocho,35.7426982,139.8132774
Kudankita,35.695258,139.746356
Nagaoka,35.7788994,139.3307599
Nishiterakatamachi,35.6800904,139.2730355
Tomioka,35.67139135,139.79908918877118
Higashitsutsujigaoka,,
Motoazabu,35.654384,139.73120859117648
Higashiyamacho,35.75433,139.687013
Shinsencho,35.6563738,139.6925133
Nishishimbashi,35.6672558,139.7534233
Okago,33.1082852,139.7727795
Tamakocho,,
Takagicho,35.6592728,139.719031
Higashinakanobu,,
Hijirigaoka,35.6340626,139.4560569
Bubaicho,35.6644896,139.4612045
Nogamicho,35.7920381,139.2904609
Senkawa,35.7383063,139.6895178
Gakuencho,35.7579,139.584602
Yanagikubo,35.6904655,139.6192694
Senjukotobukicho,,
Mitsugi,35.7546822,139.375357
Shimmeiminami,,
Sakaemachi,37.7549645,140.4605146
Kamiisshiki,35.7246096,139.8714758
Onojimachi,35.602138,139.43965
Nihombashikabutocho,,
Higashikamata,35.5625626,139.7256272
Asahimachi,35.5543011,139.4417436
Tanakacho,35.7152973,139.3632475
Kanamorihigashi,,
Oshitate,35.6541477,139.5172346
Higashihirayama,,
Kamiichibukatamachi,35.681592,139.284711
Arakicho,35.6904492,139.7232722
Kamioyamadamachi,35.600225,139.396855
Misonocho,35.7387551,139.4893276
Mukaihara,35.7433511,139.68369554945744
Senjuazuma,,
Aoyagi,35.6788845,139.4265648
Matsumoto,35.6807957,139.6066338
Yokoyamacho,35.6597563,139.3369473
Yokamachi,35.6600766,139.3311285
Nishishinozaki,,
Showamachi,35.7479773,139.7532683
Tsudamachi,35.722318,139.469673
Senjukawaracho,,
Kamidaira,35.7516625,139.3248745
Senjusekiyacho,,
Niihori,35.704745,139.8868751
Iwabuchimachi,35.7855026,139.723336
Fukagawa,35.6760754,139.79737802172855
Gochicho,35.6955058,139.3872711
Nampeidaicho,,
Kamatahoncho,,
Nagamine,35.7041011,139.6027748
Kotobukicho,35.67563,139.473793
Motoki,35.762422,139.7856021
Shimooyamadamachi,35.597074,139.414532
Jindaijiminamimachi,,
Sengawacho,35.6651502,139.5828974
Miyamacho,35.694163,139.24059
Minowa,35.7295502,139.7913004
Takakuramachi,35.6660638,139.3667974
Oyamachi,35.6728052,139.3488083
Sakuragawa,35.7577184,139.67670375785974
Tsutsujigaoka,35.6580672,139.5752432
Sayama,35.775319,139.724989
Mitsune,33.1187636,139.8026291
Ojihoncho,35.7538025,139.7338597
Hirakawacho,35.6809686,139.7400969484699
Hozukacho,35.7864615,139.8134708
Higashirokugatsucho,,
Kitashinozaki,35.720723,139.895804
Yanagihara,35.74674255,139.8144642605732
Harumicho,35.680085,139.477619
Higashitabata,35.737567,139.763162
Zoshiki,35.5500354,139.7152191
Yagochi,35.7007477,139.8999452
Ogamicho,35.7159838,139.3722962
Higashimizue,35.6872975,139.8969342
Sakurazutsumi,35.711329,139.5319693
Atago,34.7705787,139.3598008
Shibadaimon,35.6550232,139.7538078
Dairakujimachi,35.675643,139.286864
Tatsunuma,35.7884961,139.83467825216502
Samoncho,35.6859124,139.7206986
Sumiyoshi,35.6889959,139.8156854
Hashiba,35.7242437,139.8073742
Kamikiyoto,,
Tamacho,35.689375,139.517473
Narahashi,35.7526732,139.4270408
Yakushidai,35.5804025,139.4542569
Nibukatamachi,35.673971,139.284393
Sakuragaokacho,35.6556312,139.7009039
Nisshincho,35.671208,139.444571
Kitakojiya,,
Oyamanishicho,,
Senjusakuragi,,
Nihombashikobunacho,,
Ikohoncho,,
Kandaogawamachi,35.6953982,139.76347494767202
Hanakawado,,
Senjumotomachi,35.7547144,139.7923001
Tomodamachi,35.7686496,139.2868567
Kitaharacho,35.7333391,139.5462707
Yamatamachi,35.644213,139.315443
Shitajuku,,
Funamachi,35.6900255,139.7213919
Umezono,35.7123843,139.7963354
Nihombashihoncho,,
Daikyocho,35.6838591,139.7171366
Itsukaichi,35.7300664,139.2221547
Uenosakuragi,35.7211034,139.7708546
Kitayamacho,35.687396,139.456567
Miyagi,35.76065675,139.75441510403004
Takaomachi,35.6331192,139.257899
Okinomiyacho,35.722519,139.876607
Mizue,35.6932301,139.8977024
Goten-yama,35.623071,139.7348244
Hikawacho,35.7539866,139.7064835
Nishimotomachi,35.69024,139.466976
Suwamachi,35.678929,139.292294
Mahikizawa,35.6352813,139.453427
Yotsuyasakamachi,35.6906289,139.727439
Sakuracho,35.71189,139.5090665
Higashishimbashi,,
Saranuma,35.79272005,139.76594171931623
Shinkoji,35.5981096,139.4673875
Nihombashikoamicho,35.6778781,139.7667445
Senjuhashidocho,,
Higashisumida,35.7214866,139.834493
Shibakoen,35.6542309,139.7498714
Yuutenji,35.6380204,139.6895795
Hanenishi,35.7696449,139.297934
Nishikomatsugawamachi,35.6984235,139.8620204
Sakahama,35.6273865,139.4879187
Kawamachi,35.6683649,139.270566
Oaza Nihongi,,
Yukigayaotsukamachi,,
Gonokami,35.770324,139.331755
Hanenaka,35.761592,139.3061628
Kandasakumacho,,
Oaza Arai,,
Shingashi,35.7946237,139.6581151
Ichigayanakanocho,,
Oiwakecho,35.6606483,139.3181266
Hanekami,35.7670572,139.303613
Takabashi,35.684902,139.799545
Kamikitadai,35.7458325,139.4158777
Higashiasakusa,35.7261822,139.8008898
Shinkiba,35.63774805,139.82972459879755
Yamada,35.6444148,139.3211783
Sedooka,35.7376105,139.2898055
Nihombashitomizawacho,,
Hirohakama,35.5980511,139.4732239
Fuyuki,35.674788,139.801416
Fujimi,35.698128800000006,139.74524555240183
Akashicho,35.667003,139.777695
Ofunemachi,35.622814,139.313606
Miyukicho,35.716175,139.503869
Nishikatakura,35.6358635,139.3320724
Kitakaheicho,35.784364,139.8284697
Nihombashikodemmacho,,
Ushinuma,35.7182574,139.2874714
Teradamachi,35.624167,139.305783
Narusegaoka,35.5357669,139.4680174
Senjunakaicho,,
Hatsuzawamachi,35.629477,139.275167
Hyoe,35.6562715,139.7013941
Ichigayahommuracho,,
Suidocho,35.708098,139.7363064
Monzennakacho,35.67297465,139.79483504307086
Oaza Ishihata,,
Nakanosanno,,
Nakazawa,35.6525326,139.5465229
Koraku,35.7185446,139.7924605
Inaridai,35.761048,139.712166
Shimbori,35.7153657,139.696256
Kishimachi,35.7602139,139.7299127
Nakanomachi,35.680598,139.320487
Kashima,35.633224,139.425657
Akigawa,35.728075,139.2866763
Kohan,,
Kyobashi,35.6771981,139.77149681352847
Senjuyanagicho,,
Yotsuyamachi,35.677224,139.296971
Yokoami,35.69889715,139.79464439971477
Takahata,35.6594818,139.413958
Oaza Tonogaya,,
Sarugakucho,35.6999845,139.758485
Kanayamacho,,
Kandasurugadai,35.69869095,139.7641489609084
Utsukimachi,35.68172,139.352609
Kuboyamacho,35.686413,139.355518
Motoizumi,,
Minamimachida,35.5143929,139.4673538
Akiru,35.7246294,139.2990851
Rinkaicho,35.6445515,139.8696846
Aburadai,35.7251144,139.2865565
Fujimidaira,35.7653451,139.3292668
Kamishakujiiminamicho,,
Nan-yodai,,
Fujihashi,35.801828,139.3035661
Omiya,35.6836579,139.6460631
Nishinaruse,35.5454228,139.4671587
Hirasawa,35.7321424,139.309798
Hatanaka,35.7780912,139.240951
Yugimachi,35.7980077,139.2068436
Nihombashi,35.6819023,139.775831
Nishigokencho,35.706935,139.7379734
Minamiden-en,35.72983,139.3286894
Yahatacho,35.7170546,139.5555091
Higashimatsumoto,35.7187068,139.8854935
Shinkawacho,35.4342771,139.6190096
Katamachi,35.6923019,139.7247434
Kawasaki,35.749231,139.313264
Takagi,35.7130724,139.6491079
Ukitacho,35.6762979,139.8631822
Daiba,35.6259018,139.7714216
Senjuasahicho,,
Kanoyamachi,35.670881,139.303222
Nakaitabashi,35.7559315,139.6980882
Oyamadasakuradai,,
Kandaawajicho,,
Ichigayayanagicho,,
Kiyosumi,35.68088405,139.79501392108023
Shimomiyabicho,,
Azabudai,35.6596917,139.7412077
Yagumodai,35.6529849,139.5536896
Minamimotomachi,35.6807273,139.7240889
Senjutatsutacho,,
Nishiminemachi,35.5813384,139.6799076
Enoki,35.725045,139.7622385
Yanomachi,35.685416,139.325083
Nobidome,35.7612948,139.5048501
Jogawaracho,35.722078,139.365791
Rokubancho,35.6887171,139.7354012327189
Yotsuyasanecho,,
Sanyumachi,35.683015,139.344775
Yazakicho,35.656518,139.477581
Oaza Takane,,
Senjumiyamotocho,,
Motokikitamachi,35.7649529,139.7784197
Ogawahigashi,35.7187369,139.3241402
Tsubaki,35.779143950000005,139.75931990225305
Mitsuidai,35.6812722,139.328842
Ichigayadaimachi,35.6936558,139.7188626
Kandasarugakucho,,
Nishitakenotsuka,,
Nekabu,35.8012818,139.2642403
Yorozucho,35.6528729,139.3336543
Uenomachi,35.655149,139.327196
Wasedamachi,35.7060202,139.7227156
Kitaaoyama,35.666133,139.712593
Kandaizumicho,,
Minamitaira,,
Tsutsumidoori,35.7316247,139.813188
Kikuicho,35.7037082,139.722316
Kagurazaka,35.7010851,139.7412287
Gobancho,35.6887854,139.7326480917515
Ichigayasadoharacho,,
Shiroganecho,35.7038596,139.7383288
Nikkocho,35.676331,139.470389
Tobukimachi,35.7077754,139.2962098
Motoakasaka,35.6774657,139.7344476
Harakomiya,35.7362895,139.2988099
Oaza Ishida,,
Nakato,35.7042823,139.7749779
Keihinjima,35.570614250000006,139.76418048688234
Yabemachi,35.5793921,139.403928
Ishijima,35.681133,139.812106
Kandatsukasamachi,35.693464,139.767523
Hibarigaokadanchi,35.7450403,139.5326682
Higashiteragata,,
Jinnan,35.664321900000004,139.70025774023117
Nakajimacho,35.7298612,139.4321681
Uguisudanicho,35.6527467,139.7017702
Yombancho,,
Katsushima,35.59535765,139.7440720783083
Takinouecho,35.788113,139.256327
Ichigayatamachi,,
Umibe,35.681075,139.818882
Toshibacho,35.6813728,139.466379
Katsunuma,35.7907116,139.2688881
Kotsuta,,
Hanehigashi,35.7580602,139.312168
Nishikahei,35.77918195,139.8210070082826
Ishida,35.76806070000001,139.3026390620945
Shimoyotsugi,35.7248509,139.2817938
Nihombashihisamatsucho,,
Oyanacho,35.785821,139.251705
Yagicho,35.6611004,139.3217211
Sumiecho,35.789044,139.260833
Shimoshinozakimachi,35.6986678,139.9132563
Suehirocho,35.7029361,139.7716793
Yamazaki,35.5687718,139.4288388
Nagatacho,35.675895,139.746306
Higashihoncho,,
Shinkojimachi,35.602663,139.458156
Senda,35.681155,139.815615
Kandamisakicho,,
Kishi,35.70558305,139.7703373
Sashikiji,34.6852665,139.4148409
Tamagawaden-enchofu,,
Kamikawamachi,35.704985,139.248045
Amagasecho,35.7883594,139.249335
Tansumachi,35.7005587,139.7349478
Futamatao,35.8042988,139.2159535
Kandahigashimatsushitacho,,
Nandomachi,35.6974634,139.7333157
Shincho,35.661324,139.340789
Akagishitamachi,35.7056685,139.7341284
Kisomachi,35.5612724,139.4300137
Miyashitamachi,35.705277,139.310485
Hikawa,35.8095934,139.0928219
Jonanjima,35.58442075,139.7817069294486
Naitomachi,35.6856663,139.7117937
Tangimachi,35.6948714,139.3236779
Irino,35.7363476,139.2221275
Fukiage,35.798868,139.278318
Nishikanda,35.69844475,139.75441357751723
Tokiwa,35.68833635,139.77125609441464
Ichigayakagacho,,
Kajicho,35.690198,139.77154
Oaza Kamida,,
Kinoshita,35.6853153,139.7198704
Tateya,35.7298387,139.2328191
Aizumicho,35.6899754,139.7194058
Minamienokicho,35.7020463,139.7291663
Oaza Komagatafujiyama,,
Chichijima,27.070891,142.2095681474143
Fuchigami,35.7239801,139.2735713
Kitaden-en,35.7361359,139.3214306
Hakonegasakinishimatsubara,35.7705273,139.335595
Hiraokacho,35.6643588,139.3251841
Nishiwakecho,35.789343,139.262808
Shiobune,35.8041884,139.2813864
Hinatawada,35.7879558,139.22997
Iwatocho,35.7014267,139.7377869
Okadomachi,35.658809,139.324898
Hakonegasakihigashimatsubara,35.772847,139.33934
Yokoteramachi,35.7019549,139.7353911
Karakida,35.6158467,139.4111316
Nishiizumi,,
Shinanomachi,35.6800759,139.7204223
Totohara,35.7230355,139.2308893
Kitayamabushicho,35.7000522,139.7303921
Oaza Kawabehorinouchi,,
Utsunukimachi,35.617579,139.335315
Nariki,35.8268837,139.2400131
Takao,35.64166,139.2816337
Hayabusacho,35.681312,139.743401
Misakicho,35.700767,139.75404255154726
Kurosawa,35.810389,139.2546044
Motokihigashimachi,35.7659105,139.7823357
Kamiyotsugi,35.7226534,139.2783143
Nihombashiyokoyamacho,,
Jujodai,,
Kiyokawacho,35.671721,139.3105183
Hinodecho,35.7519282,139.8097372
Nomashi,34.7306532,139.3571627
Kaitaicho,35.7072388,139.7347279
Ushihama,35.7346115,139.3336014
Tsubota,34.0694848,139.5538223
Motokiminamimachi,35.7620735,139.7825583
Nihombashimuromachi,,
Nakayama,,
Ichigayakoracho,,
Oaza Musashi,,
Kawadacho,35.6967217,139.7196954
Hirohakamamachi,,
Kamitsuki,34.1179691,139.5388448
Yano,35.8051775,139.2894767
Kashitate,33.0718487,139.79354
Otsu,35.7313414,139.1898874
Haraikatamachi,35.6972968,139.7349948
Minamiyamabushicho,35.6992093,139.7314784
Tsukudohachimancho,35.7042691,139.740563
Wasedaminamicho,,
Wakamiyacho,35.6995251,139.7395197
Ichinoecho,35.6836213,139.8734063
Nakazatocho,35.7059298,139.7319759
Komakicho,35.780092,139.2528824
Daimoncho,35.9048758,139.6217385
Sekinocho,35.7132624,139.5225557
Kiyohara,,
Enokicho,35.7051338,139.7277917
Morishitacho,35.791744,139.25142
Takiyamamachi,35.684899,139.341468
Hane,35.758253,139.298892
Teramachi,35.6562912,139.3328879
Shiroyamate,35.653702,139.283996
Kandatomiyamacho,,
Ninomiyahigashi,35.7245255,139.3219016
Motokinishimachi,35.7611397,139.7797501
Osoki,35.8250781,139.2874195
Hachiyamacho,35.6514728,139.6984228
Nishiasakawamachi,35.6420823,139.2731188
Oyokocho,35.6637675,139.3296346
Nijikkimachi,35.6982923,139.7308065
Okata,34.7868097,139.3933081
Todorimachi,35.6468331,139.2748405
Urajukucho,35.790531,139.245217
Negishimachi,35.577468,139.4078907
Fukuromachi,35.7005118,139.7382469
Seishincho,35.6692892,139.8496293
Babashitacho,35.7062337,139.7200669
Oaza Nagaokahasebe,,
Sugao,35.7510114,139.2866596
Kandahigashikon-yacho,,
Kowada,35.7213105,139.2197704
Honson,34.3755464,139.2556894
Yaesu,35.68007595,139.76962498913966
Kamiongatamachi,35.6726463,139.2214085
Hahajima,26.66089385,142.15610348714767
(No Address),,
Wadamachi,35.7753358,139.2273679
Ako,34.0660987,139.484868
Konakano,35.7287807,139.2115934
Ichigayayamabushicho,,
Kawai,35.8137516,139.1640333
Kotaba,35.8182815,139.1516798
Nakanogo,33.0705225,139.8101026
Higashienokicho,35.7052267,139.7295753
Ichigayasanaicho,,
Kandaneribeicho,,
Tsukijimachi,35.7059266,139.7360355
Higashishinozaki,35.6910333,139.9118846
Uratakaomachi,35.6430671,139.2425172
Kandakon-yacho,,
Totsukamachi,35.7098012,139.7225547
Sugacho,35.6852197,139.7222261
Yagawa,35.685046,139.431484
Yotsuyahonshiocho,,
Unazawa,35.8036302,139.1137461
Sannai,35.7372274,139.2305828
Hanedaasahicho,,
Senzu,34.7769563,139.4099946
Tanazawa,35.8184049,139.1288885
Minamiasakawamachi,35.618761,139.249251
Kasumimachi,35.6973521,139.3190056
Showajima,35.5713229,139.7475314
Shiromaru,35.811886,139.1147877
Tsuijicho,35.7084179,139.3803996
Nomizu,35.6742197,139.5328569
Uenohara,35.6794429,139.2623426
Oaza Fujiyamakuriharashinden,,
Kanoto,35.7478365,139.1214116
Sawai,35.8058807,139.1937542
Sannoshita,35.6734482,139.7390773
Izu,34.1173454,139.5064361
Nango,35.7071614,139.1231898
Ninoecho,35.681814,139.873167
Otsumachi,35.6804686,139.2328728
Takatsukimachi,35.707514,139.32551
Ichigayafunagawaramachi,35.6979775,139.7406355
Ajiro,35.7186666,139.250932
Akihabara,35.7018928,139.7743684
Hongocho,35.6618779,139.3257789
Nihombashihongokucho,,
Kirigaoka,35.781261900000004,139.70710930965305
Mitake,35.8014926,139.1823453
Tozura,35.7896817,138.9997959
Ozawa,35.7399136,139.1229436
Kamicho,35.792414,139.253977
Kandamitoshirocho,,
Igaya,34.0973267,139.4937975
Hembori,,
Tamachi,35.6457358,139.7476833
Minamishincho,35.6588002,139.3300093
Otaba,35.8305487,139.1621017
Umetsubomachi,35.686065,139.335755
Kioicho,35.681411,139.73495
Shikinejima,34.3264269,139.2137040048569
Motoshuku,35.7194915,139.146758
Sueyoshi,33.0842301,139.8475618
Tokai,35.6645587,139.68453968774728
Azabumamianacho,,
Oaza Miya,,
Azabunagasakacho,,
Kandakitanorimonocho,,
Kandakajicho,,
Oaza Nagaokashimomorooka,,
Heiwajima,35.5786934,139.7351061
Tanzaburo,35.8104963,139.1538298
Mitsugo,35.7433702,139.13741
Saikumachi,35.6990644,139.7331615
Toyomicho,35.6533124,139.7693873
Habuminato,34.6935748,139.439821
Akagimotomachi,35.7046001,139.7367194
Aza Teppoba,,
Yuurakucho,35.6741734,139.76381725258972
Kandanishifukudacho,,
Kandaiwamotocho,,
Hiromachi,35.6123631,139.73368169685298
Kandasakumagashi,35.697048,139.777798
Wakasu,35.62245785,139.83682146482988
Kominedai,35.7198147,139.2341269
Kandamikuracho,,
Nippara,35.8260689,139.0721619
Kamimotogo,35.7275295,139.151921
Uenokoen,35.7152915,139.7738278
Uenodai,35.7287119,139.2626622
Mitakehoncho,35.805464,139.178594
Ichigayahachimancho,,
Aomi,35.61345165,139.7805872296704
Osakimachi,35.679547,139.34446
Hitotsubashi,35.693171,139.757346
Yokosawa,35.7349013,139.2406824
Umezawa,35.8074858,139.1665971
Agebacho,35.7020137,139.7430736
Hirasawahigashi,,
Yozawa,35.7592984,139.1644903
Shimomotogo,35.7234023,139.1599514
Hara,35.776808,139.049665
Hirasawanishi,,
Oaza Fussaninomiya,,
Kikkake,35.7145395,139.3036201
Kasumigaseki,35.671825,139.746988
Nishioizumimachi,,
Yoyogikamizonocho,,
Aza Nagumiyama,,
Shishibonecho,35.717256,139.883424
Kandamatsunagacho,,
Ichigayatakajomachi,,
Tsukudocho,35.703302,139.7413623
Wakago,34.4218683,139.2842778
Mizumotokoen,35.788549,139.869416
Hizato,35.7341872,139.1071941
Ichigayachoenjimachi,,
Aza Kinnaga,,
